{"MAE": 745.2600389074901, "MSE": 1391356.444102444, "RMSE": 1179.5577324160288, "R2": 0.9946494464672775}