{"MAE": 734.913590029762, "MSE": 1376222.33510612, "RMSE": 1173.1250296136895, "R2": 0.9947076456876844}