{"MAE": 752.1312974330357, "MSE": 1440091.6432394737, "RMSE": 1200.0381840756042, "R2": 0.9944620320250503}