{"MAE": 751.3720129588294, "MSE": 1387049.4334482201, "RMSE": 1177.7306285599523, "R2": 0.9946660093625508}