{"MAE": 756.6143839905754, "MSE": 1390435.1148259933, "RMSE": 1179.1671276057493, "R2": 0.9946529895001472}