{"MAE": 752.4952906436012, "MSE": 1416092.6345726224, "RMSE": 1189.9969052785905, "R2": 0.9945543218053928}