{"MAE": 752.2312055121529, "MSE": 1434204.097793762, "RMSE": 1197.5826058330015, "R2": 0.9944846729717446}