{"MAE": 747.6860497271826, "MSE": 1402118.0302534243, "RMSE": 1184.110649497514, "R2": 0.9946080620736221}