{"MAE": 753.7651156374008, "MSE": 1432610.5417964202, "RMSE": 1196.9170989656805, "R2": 0.9944908010970768}