{"MAE": 754.4941751922123, "MSE": 1367435.9162250045, "RMSE": 1169.3741557880458, "R2": 0.9947414344445364}