{"MAE": 745.5403408668154, "MSE": 1391289.1935036432, "RMSE": 1179.5292253707169, "R2": 0.9946497050839178}