{"MAE": 747.8239302765377, "MSE": 1419582.98223259, "RMSE": 1191.4625391646143, "R2": 0.9945408994418556}