{"MAE": 755.3910706535219, "MSE": 1399427.7007920023, "RMSE": 1182.974091344355, "R2": 0.9946184079140894}