{"MAE": 741.9483392237103, "MSE": 1395283.172488602, "RMSE": 1181.2210514923115, "R2": 0.9946343459727007}