{"MAE": 744.5333968874008, "MSE": 1389400.2608389345, "RMSE": 1178.7282387551995, "R2": 0.9946569690998247}