{"MAE": 748.6939000496033, "MSE": 1399521.9208294428, "RMSE": 1183.0139140472706, "R2": 0.9946180455846833}