{"MAE": 747.9260340711805, "MSE": 1426223.2412902345, "RMSE": 1194.2458881194586, "R2": 0.9945153638850186}