{"MAE": 749.2441841827878, "MSE": 1425911.8673953244, "RMSE": 1194.1155167718591, "R2": 0.9945165612939935}