{"MAE": 746.8433641803075, "MSE": 1392493.6433928127, "RMSE": 1180.0396787366146, "R2": 0.9946450732919447}