{"MAE": 744.8169247581847, "MSE": 1403584.675216937, "RMSE": 1184.7297899592704, "R2": 0.9946024219930919}