{"MAE": 749.2613504464287, "MSE": 1384308.8131691513, "RMSE": 1176.5665358020137, "R2": 0.9946765485996946}