{"MAE": 759.7614372519841, "MSE": 1427185.5465517058, "RMSE": 1194.6487126145935, "R2": 0.9945116632762794}