{"MAE": 746.7611391679068, "MSE": 1391137.5226415407, "RMSE": 1179.4649306535318, "R2": 0.9946502883442825}