{"MAE": 753.410744202629, "MSE": 1427044.367729314, "RMSE": 1194.5896231465072, "R2": 0.9945122061888092}