{"MAE": 737.5653486173114, "MSE": 1379018.149319997, "RMSE": 1174.3160346857217, "R2": 0.9946968941986017}