{"MAE": 749.884470486111, "MSE": 1404460.6641498923, "RMSE": 1185.0994321785377, "R2": 0.9945990533195218}