{"MAE": 753.8131208147321, "MSE": 1400465.702475622, "RMSE": 1183.4127354712818, "R2": 0.9946144162097359}