{"MAE": 748.6475393725199, "MSE": 1405030.3246765567, "RMSE": 1185.3397507367063, "R2": 0.9945968626521653}