{"MAE": 743.7133165922619, "MSE": 1428854.7031491895, "RMSE": 1195.3471057183303, "R2": 0.9945052444238227}