{"MAE": 748.1517435515873, "MSE": 1407550.6640815877, "RMSE": 1186.4024039429403, "R2": 0.9945871705197399}