{"MAE": 755.822080078125, "MSE": 1381435.8743533539, "RMSE": 1175.3450022667191, "R2": 0.9946875966765518}