{"MAE": 748.8224325706846, "MSE": 1410440.8376829084, "RMSE": 1187.6198203477863, "R2": 0.9945760561653713}