{"MAE": 751.4091317894345, "MSE": 1424576.2169328865, "RMSE": 1193.5561222384504, "R2": 0.9945216976264771}