{"MAE": 746.6115914868553, "MSE": 1418353.3441039715, "RMSE": 1190.9464068983002, "R2": 0.994545628096875}