{"MAE": 751.6706792534723, "MSE": 1409002.027953673, "RMSE": 1187.0139122831176, "R2": 0.9945815892036609}