{"MAE": 748.1494627356151, "MSE": 1365098.3347548451, "RMSE": 1168.374227187011, "R2": 0.994750423769196}