{"MAE": 745.9202429005456, "MSE": 1390400.9987879666, "RMSE": 1179.1526613581325, "R2": 0.9946531206956353}