{"MAE": 741.6564264012898, "MSE": 1392042.8267845663, "RMSE": 1179.8486457103581, "R2": 0.9946468069371268}