{"MAE": 748.7204008556548, "MSE": 1391366.8363088774, "RMSE": 1179.5621375361611, "R2": 0.9946494065033581}