{"MAE": 742.0080690414187, "MSE": 1413854.1398176963, "RMSE": 1189.0559868306018, "R2": 0.9945629300855138}