{"MAE": 751.6982736545137, "MSE": 1409642.6811232853, "RMSE": 1187.283740781152, "R2": 0.994579125529385}