{"MAE": 742.6706187996032, "MSE": 1390294.7842889037, "RMSE": 1179.1076220128948, "R2": 0.9946535291505395}