{"MAE": 752.0892092943949, "MSE": 1404509.591954851, "RMSE": 1185.1200749100706, "R2": 0.9945988651644011}