{"MAE": 747.7127897135418, "MSE": 1393918.5776587322, "RMSE": 1180.643289761447, "R2": 0.9946395936126701}