{"MAE": 748.1205014570934, "MSE": 1429842.904439901, "RMSE": 1195.760387552582, "R2": 0.9945014442301847}