{"MAE": 742.6519810267857, "MSE": 1413924.9028480325, "RMSE": 1189.0857424290448, "R2": 0.9945626579615849}