{"MAE": 745.250173921131, "MSE": 1394769.7296771077, "RMSE": 1181.0036958778358, "R2": 0.9946363204511031}